[ { 
    "type" : "img",
    "width" : 375,
    "height" : 200,
    "name" : "coretext-image-1.jpg"
  },
  { "color" : "blue",
    "content" : "更进一步地，实际工作中，我们更希望通过一个排版文件，来设置需要排版的文字的 ",
    "size" : 16,
    "type" : "txt"
  },
  { "color" : "red",
    "content" : "内容、颜色、字体",
    "size" : 22,
    "type" : "txt"
  },
  { "color" : "black",
    "content" : "大小等信息。\n",
    "size" : 16,
    "type" : "txt"
  },
  { "color" : "default",
    "content" : "我在开发猿题库应用时，自己定义了一个基于UBB的排版模版。但是实现该排版文件的解析器要花费大量的篇幅，考虑到这并不是本章的重点，所以我们以一个较简单的排版文件来讲解其思想。",
    "type" : "txt"
  },
  { "color" : "default",
    "content" : "这在这里尝试放一个参考链接：",
    "type" : "txt"
  },
  { "color" : "blue",
    "content" : "链接文字",
    "url" : "http://blog.devtang.com",
    "type" : "link"
  },
  { "color" : "default",
    "content" : "大家可以尝试点击一下",
    "type" : "txt"
  }
]